rollout/ep_len_mean,rollout/ep_rew_mean,time/fps,time/total_timesteps,time/iterations,time/time_elapsed,train/kl_divergence_loss,train/is_line_search_success,train/policy_objective,train/explained_variance,train/n_updates,train/std,train/value_loss,train/learning_rate
20.656565656565657,17.765691636363638,1009,2048,1,2,,,,,,,,
25.37,31.15384067,523,4096,2,7,0.00849644374102354,1.0,0.06031523644924164,-0.002635478973388672,1,1.0037827491760254,4.356723946332932,0.001
36.37,51.49018473,526,6144,3,11,0.008818627335131168,1.0,0.07000648230314255,0.5310765206813812,2,0.9798824191093445,11.411430266499519,0.001
41.84,67.68430256,505,8192,4,16,0.008062473498284817,1.0,0.07478629797697067,0.6023099720478058,3,0.9719786643981934,20.42176228761673,0.001
47.55,87.21049156,516,10240,5,19,0.007890000939369202,1.0,0.06730855256319046,0.2728848457336426,4,0.9697248339653015,31.513071882724763,0.001
57.95,114.35720956000002,454,12288,6,27,0.008255998603999615,1.0,0.06381604820489883,0.4284873604774475,5,0.9497087597846985,28.41046336889267,0.001
66.35,135.21399781999997,466,14336,7,30,0.0074928379617631435,1.0,0.03992375731468201,0.14522594213485718,6,0.9283031821250916,46.02126206159592,0.001
72.83,153.48089313,441,16384,8,37,0.007563878316432238,1.0,0.05023074150085449,0.49585646390914917,7,0.9283879399299622,32.30674685239792,0.001
80.69,175.41520549999993,450,18432,9,40,0.007428651675581932,1.0,0.050728071480989456,0.7531688362360001,8,0.9180505871772766,27.38393827676773,0.001
85.62,190.94458459,456,20480,10,44,0.008285527117550373,1.0,0.05181180685758591,0.9008865877985954,9,0.9134909510612488,11.00837392359972,0.001
88.27,200.53967644000005,455,22528,11,49,0.007486483082175255,1.0,0.047665830701589584,0.9375430047512054,10,0.90313321352005,10.939223328232766,0.001
93.19,216.20685307,463,24576,12,53,0.006264520343393087,1.0,0.04743007943034172,0.9036704078316689,11,0.8993927836418152,21.750738948583603,0.001
99.53,236.05643475000005,446,26624,13,59,0.0072760493494570255,1.0,0.05079580098390579,0.9376081228256226,12,0.8927969932556152,23.1998252928257,0.001
105.06,255.03487103,454,28672,14,63,0.00698002940043807,1.0,0.046854373067617416,0.9398567453026772,13,0.8978413939476013,17.179787838459013,0.001
109.13,266.47209995,437,30720,15,70,0.0057456050999462605,1.0,0.03889446705579758,0.9474650099873543,14,0.9088842868804932,22.542144244909288,0.001
113.04,278.66371832000004,446,32768,16,73,0.00501369358971715,1.0,0.02979496866464615,0.9176382496953011,15,0.9095454216003418,39.10404948592186,0.001
117.34,292.23972017999995,446,34816,17,78,0.006164691876620054,1.0,0.03952760621905327,0.9097933247685432,16,0.8879699110984802,38.718300479650495,0.001
120.65,300.48661895000004,451,36864,18,81,0.006362325046211481,1.0,0.040588729083538055,0.9777791481465101,17,0.8763849139213562,14.057064190506935,0.001
121.55,302.09254810000004,441,38912,19,88,0.006129838060587645,1.0,0.03670942783355713,0.9663848280906677,18,0.8647258281707764,21.811943820118906,0.001
123.18,305.21242815,448,40960,20,91,0.005545054096728563,1.0,0.03647799789905548,0.9682636931538582,19,0.8472601771354675,27.180340057611467,0.001
126.78,315.33507888,447,43008,21,96,0.005250280257314444,1.0,0.041036732494831085,0.9843241609632969,20,0.8413133025169373,8.728857173025608,0.001
130.08,326.96393649000004,447,45056,22,100,0.005674827843904495,1.0,0.048854656517505646,0.9742500279098749,21,0.8406388163566589,14.384256690740585,0.001
132.04,332.90234029,450,47104,23,104,0.0054734013974666595,1.0,0.040764257311820984,0.9529243037104607,22,0.8377840518951416,27.495154222846033,0.001
133.0,337.5094598899999,449,49152,24,109,0.005823267158120871,1.0,0.04835837334394455,0.9823813736438751,23,0.8324675559997559,11.232620529830456,0.001
132.21,338.04099349999996,452,51200,25,113,0.005459731910377741,1.0,0.05310140550136566,0.9768816959112883,24,0.8322749137878418,14.467037636041642,0.001
131.79,337.62279592000004,448,53248,26,118,0.005855374503880739,1.0,0.045016031712293625,0.9616562686860561,25,0.8160244822502136,23.104685723781586,0.001
130.66,336.09268217,448,55296,27,123,0.005616334732621908,1.0,0.05668492242693901,0.9875302463769913,26,0.805626630783081,10.677452319860459,0.001
130.24,335.55184179,450,57344,28,127,0.0046366057358682156,1.0,0.04711884632706642,0.9791132248938084,27,0.8019495010375977,18.21262127161026,0.001
131.3,340.27001428000005,446,59392,29,133,0.004493124317377806,1.0,0.037508681416511536,0.9476704299449921,28,0.7978073954582214,42.57802208065986,0.001
133.62,350.0467997200001,448,61440,30,136,0.004242309834808111,1.0,0.04206612706184387,0.9756039306521416,29,0.7931487560272217,20.842486947774887,0.001
136.24,358.02228342,451,63488,31,140,0.006372172385454178,1.0,0.06183428317308426,0.9798327591270208,30,0.7884883880615234,25.10685289502144,0.001
139.15,369.34531854,445,65536,32,147,0.00644974410533905,1.0,0.05152080953121185,0.9505184404551983,31,0.7866286635398865,61.29557654261589,0.001
144.57,390.56379971,449,67584,33,150,0.005204430781304836,1.0,0.04831167310476303,0.9310125932097435,32,0.780749499797821,89.91642029285431,0.001
150.27,411.28033123,449,69632,34,154,0.005517281126230955,1.0,0.05490775406360626,0.9802820533514023,33,0.7827690243721008,21.781114879250527,0.001
154.42,425.1944738899999,451,71680,35,158,0.006420295685529709,1.0,0.059292085468769073,0.9854430528357625,34,0.7761509418487549,20.22380883693695,0.001
160.18,446.52614358,451,73728,36,163,0.004970261827111244,1.0,0.048117559403181076,0.9695967454463243,35,0.7632166743278503,33.18033683300018,0.001
159.67,444.59141048,454,75776,37,166,0.0071155899204313755,1.0,0.052428677678108215,0.9788024220615625,36,0.7429078221321106,20.56844452023506,0.001
164.16,461.74403009,449,77824,38,173,0.005514297168701887,1.0,0.044791996479034424,0.8926649689674377,37,0.737535297870636,96.99618238210678,0.001
167.87,477.85414790000004,452,79872,39,176,0.006333500612527132,1.0,0.05825497582554817,0.987055504694581,38,0.7220339775085449,15.098184740543365,0.001
170.63,490.23963975,454,81920,40,180,0.007030684966593981,1.0,0.04845472797751427,0.931878499686718,39,0.7194318175315857,89.67763721942902,0.001
173.33,502.01474924999997,454,83968,41,184,0.006128910928964615,1.0,0.05278460681438446,0.9833845440298319,40,0.7115526795387268,23.51521897315979,0.001
173.96,507.06276641000005,456,86016,42,188,0.006787161808460951,1.0,0.05293510854244232,0.9901413610205054,41,0.7157055735588074,14.081794467568397,0.001
176.26,521.4146732199999,456,88064,43,193,0.006439742166548967,1.0,0.04705696180462837,0.991601187735796,42,0.6988067626953125,13.84746749997139,0.001
177.69,532.19677641,458,90112,44,196,0.005120208952575922,1.0,0.050898268818855286,0.9914514664560556,43,0.6924951672554016,11.939982825517655,0.001
180.11,546.05650384,453,92160,45,203,0.006873836275190115,1.0,0.06314049661159515,0.9933124557137489,44,0.6863234043121338,10.927256616950036,0.001
183.55,563.21825533,455,94208,46,206,0.004386621061712503,1.0,0.04484911635518074,0.9763192031532526,45,0.6908339858055115,29.632515996694565,0.001
180.92,559.59190373,451,96256,47,213,0.0065111820586025715,1.0,0.04380779713392258,0.9655788354575634,46,0.6932296752929688,60.20692942738533,0.001
179.68,559.6381285199999,453,98304,48,216,0.005866948515176773,1.0,0.049376100301742554,0.9788626115769148,47,0.6926748156547546,24.27018939256668,0.001
178.6,561.23338209,448,100352,49,223,0.0069767325185239315,1.0,0.05275491625070572,0.9858023952692747,48,0.6866771578788757,22.563732343912125,0.001
177.05,561.59927742,451,102400,50,227,0.006768440827727318,1.0,0.052499350160360336,0.9812800940126181,49,0.678132951259613,17.904391208291052,0.001
176.23,561.70498189,441,104448,51,236,0.005200315732508898,1.0,0.059784092009067535,0.9907761765643954,50,0.6781929135322571,14.378601130843162,0.001
174.04,555.65153859,441,106496,52,241,0.006489078979939222,1.0,0.04847610369324684,0.9883693372830749,51,0.6749542355537415,20.10458036661148,0.001
171.53,549.6720061400001,441,108544,53,245,0.00494851591065526,1.0,0.04606558755040169,0.9915000265464187,52,0.6694486141204834,17.002537640929223,0.001
171.01,550.6309758699999,443,110592,54,249,0.007151288911700249,1.0,0.05548454076051712,0.99158966075629,53,0.6629703640937805,15.659015080332756,0.001
173.25,561.88687637,442,112640,55,254,0.006732853129506111,1.0,0.052546948194503784,0.9945963248610497,54,0.6560092568397522,11.126001590490342,0.001
174.19,565.6719481300001,444,114688,56,258,0.007001908030360937,1.0,0.043265920132398605,0.9934026943519711,55,0.6583875417709351,11.55450348854065,0.001
174.32,567.32750819,444,116736,57,262,0.005931224673986435,1.0,0.0584641695022583,0.9965871360618621,56,0.6541258692741394,6.895053559541703,0.001
174.32,565.36116651,446,118784,58,266,0.0064833820797502995,1.0,0.04091443121433258,0.9748857002705336,57,0.6511573195457458,71.1959028929472,0.001
175.13,567.8046450700001,443,120832,59,272,0.005639620590955019,1.0,0.048245869576931,0.9872335251420736,58,0.6567500233650208,18.827411565184594,0.001
174.99,567.37490047,445,122880,60,276,0.005806058645248413,1.0,0.053024545311927795,0.992059700191021,59,0.6590740084648132,14.660407373309136,0.001
175.25,567.29725799,444,124928,61,280,0.006966894958168268,1.0,0.04765487462282181,0.9958030208945274,60,0.651157557964325,9.187703566253186,0.001
177.42,572.6778195400001,446,126976,62,284,0.007552334573119879,1.0,0.05410647764801979,0.9925805279053748,61,0.6437286734580994,17.354492154717445,0.001
178.91,574.60074038,442,129024,63,291,0.006283760070800781,1.0,0.05154312402009964,0.9891172610223293,62,0.6458789110183716,24.09714018404484,0.001
180.53,576.6816341100001,442,131072,64,296,0.005982918199151754,1.0,0.04194061830639839,0.9725090824067593,63,0.6509092450141907,88.23273208737373,0.001
181.72,579.16274549,443,133120,65,299,0.0067507303319871426,1.0,0.04818956181406975,0.968444362282753,64,0.6460050344467163,99.0917133808136,0.001
185.37,589.62557598,443,135168,66,304,0.006672902498394251,1.0,0.04862373322248459,0.9893954768776894,65,0.6478283405303955,22.249808663129805,0.001
185.97,592.1995710999998,442,137216,67,309,0.008545189164578915,1.0,0.05693715065717697,0.9866844089701772,66,0.6417352557182312,31.74069187641144,0.001
187.75,595.2461927200001,438,139264,68,317,0.005999904125928879,1.0,0.046433862298727036,0.9712846074253321,67,0.6412233710289001,86.0729033768177,0.001
189.84,599.23062574,436,141312,69,323,0.006723480764776468,1.0,0.05538051202893257,0.9869957761839032,68,0.6384809613227844,34.14999138116836,0.001
192.44,605.15126004,437,143360,70,327,0.006794547196477652,1.0,0.05216589197516441,0.9879163978621364,69,0.630894124507904,36.54180940389633,0.001
192.41,602.2155059400001,435,145408,71,333,0.007069280371069908,1.0,0.05884965881705284,0.9834751877933741,70,0.630241870880127,45.08184163570404,0.001
194.43,609.26670462,437,147456,72,336,0.006669236347079277,1.0,0.04962915927171707,0.9701539427042007,71,0.6227750778198242,112.15495866537094,0.001
197.05,618.28627042,437,149504,73,341,0.006727244239300489,1.0,0.05321598798036575,0.9903174415230751,72,0.6147109866142273,31.21312068104744,0.001
198.33,621.2418800799999,439,151552,74,344,0.007082117721438408,1.0,0.050409428775310516,0.9892675401642919,73,0.6174161434173584,31.97444403767586,0.001
200.54,626.9978915699999,436,153600,75,351,0.007339541334658861,1.0,0.06080005317926407,0.989285527728498,74,0.6181882619857788,25.90998610854149,0.001
202.66,633.64621306,438,155648,76,354,0.007653016597032547,1.0,0.05612894892692566,0.9906579041853547,75,0.6170466542243958,25.235706406831742,0.001
206.82,644.78358281,438,157696,77,359,0.006736407056450844,1.0,0.059189602732658386,0.9911332558840513,76,0.6184394359588623,22.188059777021408,0.001
209.76,651.20786605,440,159744,78,362,0.005969920661300421,1.0,0.04347669705748558,0.9739885069429874,77,0.6106693744659424,58.80306254029274,0.001
212.09,660.5133477000002,438,161792,79,369,0.005840714555233717,1.0,0.05593307688832283,0.988649939186871,78,0.6118984222412109,22.837322652339935,0.001
216.74,672.5219304599999,440,163840,80,372,0.009578651748597622,1.0,0.05796216428279877,0.9926772490143776,79,0.6028910279273987,19.263452818989755,0.001
218.41,679.93204763,439,165888,81,377,0.006966338958591223,1.0,0.06680788844823837,0.9907779218629003,80,0.5980618000030518,20.485824990272523,0.001
224.06,697.64168402,441,167936,82,380,0.00691994046792388,1.0,0.06392648071050644,0.979034660384059,81,0.5963483452796936,40.915002554655075,0.001
231.54,722.0067025000001,439,169984,83,386,0.007155419792979956,1.0,0.06848618388175964,0.9938893378712237,82,0.6010934710502625,11.812584865093232,0.001
231.69,723.9549838,441,172032,84,390,0.006858437787741423,1.0,0.06362219154834747,0.9947892818599939,83,0.5996281504631042,12.554254019260407,0.001
237.04,742.48618745,438,174080,85,396,0.009153495542705059,1.0,0.06473907083272934,0.971476461738348,84,0.6115004420280457,57.18149852156639,0.001
244.93,766.8254529899999,439,176128,86,400,0.006148092914372683,1.0,0.05488139018416405,0.9890070026740432,85,0.6031596064567566,23.708652132749556,0.001
252.53,788.7575756399998,439,178176,87,405,0.007193175610154867,1.0,0.07058423012495041,0.9935174998827279,86,0.602949857711792,10.63723590373993,0.001
259.03,810.0842903000001,440,180224,88,408,0.007376979570835829,1.0,0.07351216673851013,0.9937946042045951,87,0.6058240532875061,10.51575771868229,0.001
268.75,837.9808720299999,439,182272,89,415,0.006888091564178467,1.0,0.05863138660788536,0.9973831260576844,88,0.594473659992218,4.661312556266784,0.001
275.87,858.9302243300001,439,184320,90,419,0.006856430787593126,1.0,0.05596030876040459,0.9930822160094976,89,0.5904218554496765,8.761642234027386,0.001
285.53,887.7366437400001,440,186368,91,423,0.007284723687916994,1.0,0.05812043696641922,0.9892741730436683,90,0.5972787737846375,11.624472919106484,0.001
295.14,916.17434447,437,188416,92,431,0.007233408745378256,1.0,0.07977378368377686,0.9946429170668125,91,0.5963727831840515,5.534020040929318,0.001
303.5,945.4047284799998,438,190464,93,434,0.0071546100080013275,1.0,0.05081777274608612,0.8912757784128189,92,0.5988166928291321,193.98393947780133,0.001
311.16,969.7326254300002,437,192512,94,440,0.006911403965204954,1.0,0.05935332924127579,0.9947009677998722,93,0.5935658812522888,5.588369457423687,0.001
320.55,1003.3922160999998,438,194560,95,443,0.005351116415113211,1.0,0.04967198520898819,0.9708835538476706,94,0.5904819369316101,41.291809701919554,0.001
325.28,1021.7501462,438,196608,96,448,0.007049004081636667,1.0,0.06832937151193619,0.9971961183473468,95,0.5832199454307556,5.824760472774505,0.001
333.65,1052.6904189099998,440,198656,97,451,0.007653239648789167,1.0,0.06126948073506355,0.9960310561582446,96,0.5797975063323975,7.040598645806313,0.001
342.21,1076.9158294900003,440,200704,98,455,0.006880888715386391,1.0,0.058396607637405396,0.9977558003738523,97,0.574877917766571,5.677481371164322,0.001
345.88,1089.87607777,441,202752,99,458,0.007680268958210945,1.0,0.0660570040345192,0.9955610819160938,98,0.5729163885116577,5.570451700687409,0.001
346.86,1094.0415824499999,440,204800,100,465,0.006444427650421858,1.0,0.034685369580984116,0.9863252332434058,99,0.5706749558448792,24.745694401860238,0.001
352.01,1111.2554845799998,441,206848,101,468,0.007411215920001268,1.0,0.06249555945396423,0.9958932441659272,100,0.5719447731971741,7.853556725382805,0.001
355.06,1123.03364952,440,208896,102,474,0.0073175313882529736,1.0,0.03760146349668503,0.9647596254944801,101,0.5738077163696289,108.30744015276431,0.001
354.36,1122.79229355,441,210944,103,477,0.008002500049769878,1.0,0.04405947029590607,0.9926953762769699,102,0.5599805116653442,14.290140888094902,0.001
357.04,1131.66047072,440,212992,104,483,0.007044438272714615,1.0,0.08353596925735474,0.9967265063896775,103,0.5581598877906799,6.149378021061421,0.001
356.63,1135.48555775,442,215040,105,486,0.007551721762865782,1.0,0.05911257117986679,0.997293135849759,104,0.5496836304664612,5.360723085701466,0.001
358.53,1145.37320022,442,217088,106,490,0.005565527826547623,1.0,0.029956722632050514,0.9731882940977812,105,0.549045741558075,74.42061737328768,0.001
350.48,1126.78512879,441,219136,107,496,0.0074325925670564175,1.0,0.066248819231987,0.9970913787838072,106,0.5477588176727295,5.063205826282501,0.001
345.9,1117.0458957600001,442,221184,108,499,0.006614588666707277,1.0,0.05776158720254898,0.9956702920608222,107,0.5487491488456726,9.177212707698345,0.001
345.62,1122.1329853400002,442,223232,109,504,0.007376441732048988,1.0,0.05487142130732536,0.9970789421349764,108,0.5473083257675171,6.159966972470284,0.001
338.47,1102.04829656,443,225280,110,508,0.007671413477510214,1.0,0.06330358982086182,0.9947624881751835,109,0.5437251925468445,11.056845569610596,0.001
339.31,1108.13116894,441,227328,111,514,0.007404228672385216,1.0,0.06185111775994301,0.9960948817897588,110,0.5421309471130371,8.8790749207139,0.001
338.31,1105.5444767,442,229376,112,518,0.007948937825858593,1.0,0.051045726984739304,0.9965166561305523,111,0.5368145108222961,8.068616032600403,0.001
336.97,1103.12127517,440,231424,113,524,0.007651993539184332,1.0,0.06426253169775009,0.9968764903023839,112,0.5245053172111511,5.777352437376976,0.001
333.83,1098.17183508,441,233472,114,529,0.006981546059250832,1.0,0.05554131418466568,0.9975054259411991,113,0.5246471166610718,5.247754155099392,0.001
335.57,1107.29675796,442,235520,115,532,0.009882721118628979,1.0,0.04676104709506035,0.9965029484592378,114,0.5253027677536011,8.402683816850185,0.001
339.78,1124.1550001599999,441,237568,116,538,0.007933656685054302,1.0,0.0876101702451706,0.9979304876178503,115,0.5293460488319397,5.294387635588646,0.001
339.0,1125.04538141,442,239616,117,541,0.008009091950953007,1.0,0.03764994442462921,0.9899877486750484,116,0.5201079249382019,29.21888109743595,0.001
336.11,1120.5174056499998,440,241664,118,547,0.008118481375277042,1.0,0.10224922001361847,0.9979072250425816,117,0.523685872554779,6.49716422110796,0.001
342.36,1141.85450788,442,243712,119,551,0.0073423124849796295,1.0,0.063750259578228,0.9972805015277117,118,0.5178874731063843,5.573643581569195,0.001
346.81,1159.8493041599997,442,245760,120,555,0.00788463931530714,1.0,0.06549464166164398,0.998337539494969,119,0.5135961174964905,4.048729852586985,0.001
345.37,1160.25534935,442,247808,121,560,0.0067329611629247665,1.0,0.044853679835796356,0.9977711522951722,120,0.5096170902252197,3.3322966642677785,0.001
348.44,1171.5162455,443,249856,122,563,0.008096936158835888,1.0,0.07060536742210388,0.9983963903505355,121,0.49482691287994385,4.160621029138565,0.001
344.7,1161.24550418,443,251904,123,567,0.009375873021781445,1.0,0.058980852365493774,0.9970607836730778,122,0.4958600103855133,3.0013187363743783,0.001
341.72,1155.35793628,444,253952,124,571,0.007887748070061207,1.0,0.05029313266277313,0.9982848418876529,123,0.5038168430328369,3.7456980250775813,0.001
340.41,1154.86090813,442,256000,125,578,0.008454779163002968,1.0,0.06633676588535309,0.9981074706884101,124,0.49668145179748535,5.964282814413309,0.001
340.21,1156.536005,443,258048,126,581,0.008659946732223034,1.0,0.07564021646976471,0.9985003477195278,125,0.49234089255332947,5.09067563265562,0.001
342.09,1163.6823402999999,444,260096,127,585,0.0072128684259951115,1.0,0.06133369356393814,0.9987617527367547,126,0.482712984085083,3.945651787519455,0.001
335.39,1139.38559447,444,262144,128,590,0.007586915511637926,1.0,0.09642544388771057,0.997929715551436,127,0.4788823127746582,4.612551428377628,0.001
335.06,1139.0533574899998,444,264192,129,594,0.008437142707407475,1.0,0.06474876403808594,0.9972208421677351,128,0.4779185950756073,7.643294720351696,0.001
337.18,1145.76724743,444,266240,130,599,0.007569757755845785,1.0,0.06117193400859833,0.9975616538431495,129,0.4705519378185272,4.895323745906353,0.001
335.56,1141.90927519,444,268288,131,603,0.008670508861541748,1.0,0.05775830149650574,0.9981676222523674,130,0.46351882815361023,4.430648669600487,0.001
332.18,1131.3609429900002,445,270336,132,606,0.00824726652354002,1.0,0.0861620232462883,0.9989552963525057,131,0.4626108705997467,2.353792580217123,0.001
334.39,1140.55980086,443,272384,133,613,0.009857628494501114,1.0,0.050284430384635925,0.9978814378846437,132,0.4587040841579437,6.16587150245905,0.001
338.56,1153.89443475,444,274432,134,616,0.007495736703276634,1.0,0.06479322910308838,0.9988661268725991,133,0.4557769000530243,2.565275202691555,0.001
340.94,1160.8599133899997,443,276480,135,623,0.00839997362345457,1.0,0.06888692826032639,0.9986670550424606,134,0.4481862485408783,2.9046101190149782,0.001
335.52,1144.83481952,444,278528,136,627,0.007295060902833939,1.0,0.04108024761080742,0.9716476816684008,135,0.4524647891521454,81.6161131605506,0.001
330.78,1128.26556369,442,280576,137,633,0.007922868244349957,1.0,0.03947022929787636,0.9831592757254839,136,0.4659513533115387,31.475444108247757,0.001
327.18,1121.4685183200002,443,282624,138,636,0.007938369177281857,1.0,0.06801365315914154,0.9980229639913887,137,0.4666212499141693,5.2581094317138195,0.001
329.9,1123.9443295499998,442,284672,139,643,0.008102411404252052,1.0,0.07398934662342072,0.9987878060201183,138,0.4664132297039032,3.678279620409012,0.001
331.38,1129.15067626,443,286720,140,646,0.0061149150133132935,1.0,0.034887295216321945,0.9148242920637131,139,0.4598561227321625,243.9034315288067,0.001
333.26,1133.88428522,443,288768,141,650,0.009285042993724346,1.0,0.047364965081214905,0.9736118875443935,140,0.4544813632965088,65.50636958181857,0.001
338.97,1145.16563988,443,290816,142,655,0.007974020205438137,1.0,0.03555993735790253,0.9603852964937687,141,0.4606883227825165,126.49252108335494,0.001
333.83,1125.29196484,444,292864,143,659,0.006509397644549608,1.0,0.056897103786468506,0.9526528231799603,142,0.4644721746444702,95.46351599097252,0.001
335.67,1135.6490501900003,444,294912,144,663,0.00559169240295887,1.0,0.04165557399392128,0.9653227925300598,143,0.4670517146587372,117.95710280835628,0.001
337.34,1143.2988342,445,296960,145,667,0.008133254013955593,1.0,0.07426304370164871,0.9975851709023118,144,0.4730590581893921,6.502806475758552,0.001
337.48,1146.2787486,444,299008,146,673,0.00772208021953702,1.0,0.07596632838249207,0.9988104950170964,145,0.47137129306793213,3.8605258993804457,0.001
339.69,1150.8509140100002,443,301056,147,678,0.008312412537634373,1.0,0.07669078558683395,0.997456559445709,146,0.47107258439064026,6.349560908973217,0.001
340.36,1152.12819793,444,303104,148,681,0.007588446140289307,1.0,0.07109839469194412,0.9949707086198032,147,0.46633386611938477,9.628672742843628,0.001
343.51,1164.87987703,442,305152,149,688,0.007962332107126713,1.0,0.07004756480455399,0.9985064290231094,148,0.45899108052253723,4.1627904519438745,0.001
344.38,1169.5636131699998,443,307200,150,692,0.007968914695084095,1.0,0.0665394514799118,0.9985967318061739,149,0.45649829506874084,4.704455540329218,0.001
343.63,1165.5152678200002,442,309248,151,699,0.008151915855705738,1.0,0.06644339859485626,0.997484419029206,150,0.45649921894073486,7.9631142422556875,0.001
346.65,1175.36914215,442,311296,152,703,0.009054801426827908,1.0,0.05067674443125725,0.9982254392234609,151,0.4549701511859894,3.5057873994112017,0.001
349.72,1185.23092694,442,313344,153,707,0.009808993898332119,1.0,0.06894194334745407,0.9977338674943894,152,0.44633665680885315,3.081486440449953,0.001
354.47,1199.63945984,442,315392,154,713,0.008775296621024609,1.0,0.06138846278190613,0.9950335347093642,153,0.44661927223205566,4.548158186674118,0.001
356.84,1204.33220582,442,317440,155,716,0.007697286084294319,1.0,0.07185342907905579,0.9954018723219633,154,0.443835586309433,6.854775371402502,0.001
358.52,1208.87426645,442,319488,156,721,0.00810439046472311,1.0,0.0665096789598465,0.9973576748743653,155,0.4419008791446686,3.9261081501841546,0.001
357.68,1212.22022569,443,321536,157,724,0.008157065138220787,1.0,0.07669782638549805,0.9973950949497521,156,0.4366734027862549,3.4219497993588446,0.001
363.6,1232.7271734300002,442,323584,158,731,0.008125773631036282,1.0,0.07909385859966278,0.9980124202556908,157,0.44216594099998474,6.580184185504914,0.001
361.64,1229.2770254999998,443,325632,159,734,0.00893275998532772,1.0,0.10148225724697113,0.9988821310689673,158,0.448689341545105,3.2802329450845717,0.001
354.36,1215.6585456399998,443,327680,160,739,0.009420119225978851,1.0,0.07979529350996017,0.9987204290227965,159,0.44463422894477844,3.8119773358106612,0.001
361.49,1239.83776063,443,329728,161,743,0.008615455590188503,1.0,0.08746819198131561,0.9989899024367332,160,0.4438573122024536,3.852280104905367,0.001
364.93,1249.1412478,443,331776,162,747,0.007997890003025532,1.0,0.07045681774616241,0.9977430126164109,161,0.43914446234703064,3.696212723851204,0.001
364.44,1248.9516734800002,444,333824,163,750,0.007736273109912872,1.0,0.08194471895694733,0.9975687526166439,162,0.43235039710998535,5.4438589960336685,0.001
364.6,1251.1193884,443,335872,164,757,0.007984437979757786,1.0,0.06712663918733597,0.9984825879801065,163,0.4329170882701874,5.144222664833069,0.001
364.29,1251.9948669300002,444,337920,165,760,0.007367797661572695,1.0,0.03842998668551445,0.9944258308969438,164,0.42982640862464905,7.143831973522902,0.001
369.58,1268.96149748,444,339968,166,765,0.008963615633547306,1.0,0.04787260293960571,0.9558833055198193,165,0.424424409866333,121.87040292322635,0.001
368.08,1261.4161143600002,444,342016,167,768,0.008438028395175934,1.0,0.0873555913567543,0.9962503348942846,166,0.4244910180568695,6.835023464262486,0.001
370.0,1265.87098075,443,344064,168,775,0.009183239191770554,1.0,0.07307515293359756,0.9911679700016975,167,0.4196125566959381,12.6902430459857,0.001
371.85,1273.48415948,444,346112,169,778,0.008075911551713943,1.0,0.0740412175655365,0.9968307497911155,168,0.4201308488845825,6.110234531760216,0.001
373.8,1282.5774564,443,348160,170,785,0.008418599143624306,1.0,0.07880210876464844,0.9975905627943575,169,0.4254220426082611,4.063324908167123,0.001
366.78,1263.8999301399997,443,350208,171,790,0.008422347716987133,1.0,0.06575777381658554,0.997758740093559,170,0.42612266540527344,4.30147003158927,0.001
368.59,1268.25148283,443,352256,172,794,0.008417523466050625,1.0,0.07361693680286407,0.9974788527470082,171,0.424770712852478,8.17386815547943,0.001
371.08,1278.4117324400002,443,354304,173,798,0.008865755051374435,1.0,0.07514399290084839,0.9981007705209777,172,0.4245484173297882,4.381438259035349,0.001
373.53,1286.30088329,442,356352,174,805,0.009609396569430828,1.0,0.048551175743341446,0.9800306893885136,173,0.41576841473579407,28.669949376583098,0.001
377.5,1297.41509156,443,358400,175,808,0.008834782987833023,1.0,0.06793233752250671,0.9973781264852732,174,0.40950682759284973,4.233594342321157,0.001
380.13,1307.4534009,442,360448,176,814,0.009325865656137466,1.0,0.048126187175512314,0.9906084528192878,175,0.40658363699913025,10.147624823451043,0.001
385.98,1323.2417682799999,443,362496,177,818,0.008592910133302212,1.0,0.11237199604511261,0.9975750050507486,176,0.4025666415691376,4.934503338485956,0.001
388.33,1330.4481863199999,442,364544,178,824,0.008966775611042976,1.0,0.07520240545272827,0.9981463057920337,177,0.4015022814273834,4.427025508880615,0.001
391.81,1337.6837258799999,442,366592,179,828,0.008380946703255177,1.0,0.07427423447370529,0.9978309471625835,178,0.3984522819519043,5.962661071121692,0.001
393.07,1344.22803998,441,368640,180,834,0.009222060441970825,1.0,0.025568675249814987,0.9827940631657839,179,0.40016427636146545,17.85234647244215,0.001
393.47,1344.19758678,442,370688,181,838,0.00914938747882843,1.0,0.07078497856855392,0.9982059863395989,180,0.40113213658332825,5.79328582584858,0.001
394.01,1345.9840328100001,442,372736,182,842,0.007071155589073896,1.0,0.04898462072014809,0.9922245666384697,181,0.397800087928772,6.398861309140921,0.001
396.37,1353.9638451100002,443,374784,183,845,0.008434196002781391,1.0,0.09974269568920135,0.9983034562319517,182,0.3992108404636383,4.024056684225798,0.001
397.3,1358.35510675,441,376832,184,853,0.008796739391982555,1.0,0.11249972879886627,0.9984511634102091,183,0.4000330865383148,5.6329331055283545,0.001
392.6,1341.66724708,442,378880,185,856,0.008381993509829044,1.0,0.048510823398828506,0.9616148136556149,184,0.40025272965431213,77.54340243339539,0.001
390.71,1338.2902193900002,442,380928,186,860,0.007512630429118872,1.0,0.04922034963965416,0.9801486153155565,185,0.39789247512817383,37.58311266005039,0.001
393.63,1344.6719178699998,443,382976,187,864,0.008223663084208965,1.0,0.06888308376073837,0.9974407907575369,186,0.39608708024024963,9.566260173916817,0.001
392.1,1339.51198939,442,385024,188,869,0.009012413211166859,1.0,0.07753021270036697,0.9980464815162122,187,0.3936900794506073,3.297661206126213,0.001
389.88,1331.6040631600001,443,387072,189,872,0.008275965228676796,1.0,0.04796963930130005,0.9638871885836124,188,0.39298149943351746,85.99368877410889,0.001
394.92,1347.5804005799998,443,389120,190,877,0.008687037974596024,1.0,0.061305150389671326,0.9969917680136859,189,0.3847808539867401,7.504868732392788,0.001
392.08,1338.36972262,442,391168,191,884,0.008699431084096432,1.0,0.08417513966560364,0.9974622258450836,190,0.3785879611968994,5.098912790417671,0.001
389.5,1331.56113952,442,393216,192,887,0.008901609107851982,1.0,0.05854402482509613,0.998296391335316,191,0.3728942573070526,5.630770407617092,0.001
390.25,1332.5283383700005,442,395264,193,892,0.009403564967215061,1.0,0.08108334988355637,0.9977241433225572,192,0.37299105525016785,6.451200385391712,0.001
395.07,1345.1055202700002,443,397312,194,895,0.006300950888544321,1.0,0.06910306215286255,0.9963403139263391,193,0.3734641969203949,3.0690754748880864,0.001
391.37,1333.4645792,442,399360,195,902,0.008951331488788128,1.0,0.074494369328022,0.9875200092792511,194,0.3709409236907959,1.6921867236495018,0.001
387.54,1323.40411307,443,401408,196,905,0.008686130866408348,1.0,0.06968066096305847,0.9985457910224795,195,0.3684440553188324,4.313548479229212,0.001
390.08,1331.68126158,442,403456,197,910,0.00880743283778429,1.0,0.061780206859111786,0.9984015523223206,196,0.36330732703208923,5.022183448821306,0.001
390.61,1337.2441158600004,443,405504,198,914,0.00880823377519846,1.0,0.059705622494220734,0.9963569026440382,197,0.36320504546165466,4.235352508723736,0.001
390.94,1337.39915292,442,407552,199,921,0.008864491246640682,1.0,0.06782425940036774,0.9980953100603074,198,0.3613312542438507,4.951543248444795,0.001
390.81,1339.6521164600001,443,409600,200,924,0.00883969571441412,1.0,0.06607548147439957,0.9987171792890877,199,0.3611149787902832,3.006158844381571,0.001
393.26,1349.39007805,443,411648,201,929,0.008062281645834446,1.0,0.07024192065000534,0.9978240930940956,200,0.35935232043266296,4.075795213133096,0.001
397.32,1361.5475241500003,443,413696,202,932,0.008081178180873394,1.0,0.07924191653728485,0.9990675732842647,201,0.3546304702758789,2.3805160455405714,0.001
399.97,1365.5736428000005,442,415744,203,939,0.00942665059119463,1.0,0.06887311488389969,0.9912975253537297,202,0.3548313081264496,2.5934361584484575,0.001
403.01,1376.9567842000001,442,417792,204,943,0.009382803924381733,1.0,0.060235150158405304,0.9930652095936239,203,0.3523922860622406,1.1723222445696593,0.001
402.28,1376.4470142899997,441,419840,205,950,0.00792416650801897,1.0,0.050397299230098724,0.9953417032957077,204,0.3511488139629364,5.5919591873884205,0.001
400.87,1375.2825591999997,442,421888,206,953,0.009720739908516407,1.0,0.08076211810112,0.9981326140696183,205,0.352421373128891,5.321894900500775,0.001
400.56,1373.04626159,441,423936,207,960,0.00818976666778326,1.0,0.06717533618211746,0.9981799178058282,206,0.3517180383205414,3.7729137040674687,0.001
406.33,1389.5702518500004,442,425984,208,963,0.007411481346935034,1.0,0.046884872019290924,0.9931303472258151,207,0.3500632345676422,5.09051299393177,0.001
409.1,1398.5561571,441,428032,209,968,0.009038078598678112,1.0,0.05936776474118233,0.9930110317654908,208,0.35026073455810547,2.717104812711477,0.001
408.01,1394.5713347899998,442,430080,210,972,0.008848235942423344,1.0,0.07752490043640137,0.9981987454229966,209,0.34990182518959045,2.5321006957441567,0.001
411.78,1407.1626061299999,441,432128,211,979,0.0063178520649671555,1.0,0.06408938020467758,0.9980718286242336,210,0.34961608052253723,4.011749683320522,0.001
416.08,1419.8600746899997,441,434176,212,982,0.008658611215651035,1.0,0.6636549234390259,0.998811902012676,211,0.35221922397613525,3.2662882335484027,0.001
414.29,1419.00988427,441,436224,213,987,0.00980099942535162,1.0,0.06518217921257019,0.9981930853100494,212,0.34873107075691223,1.9265271808952094,0.001
410.25,1411.6791044700003,442,438272,214,991,0.00834890827536583,1.0,0.09893961250782013,0.9968173946253955,213,0.34677854180336,3.0552000399678945,0.001
410.58,1413.66585048,441,440320,215,997,0.0076810866594314575,1.0,0.07068495452404022,0.997617365559563,214,0.34629151225090027,3.029152901470661,0.001
416.78,1432.69644348,441,442368,216,1001,0.008367637172341347,1.0,0.49746596813201904,0.998899293364957,215,0.3467530310153961,1.756510705500841,0.001
414.59,1428.47836443,441,444416,217,1006,0.009327676147222519,1.0,0.09514765441417694,0.9987155293347314,216,0.3415994942188263,2.1141120702028275,0.001
415.79,1433.1059652699998,442,446464,218,1009,0.009155788458883762,1.0,0.08447995781898499,0.9981857654638588,217,0.3374745547771454,5.206800504773855,0.001
417.88,1440.62844419,441,448512,219,1015,0.008929508738219738,1.0,0.08831384032964706,0.9981763386167586,218,0.34035298228263855,4.0619279310107235,0.001
414.24,1430.16008053,442,450560,220,1019,0.008339335210621357,1.0,0.08512313663959503,0.9981944930041209,219,0.3376457691192627,3.1480379782617094,0.001
416.01,1433.24368203,440,452608,221,1026,0.008974172174930573,1.0,0.07198717445135117,0.9983960959361866,220,0.3375730514526367,4.331972324848175,0.001
417.0,1435.0422272099997,441,454656,222,1029,0.006742505822330713,1.0,0.05344753712415695,0.9972661763895303,221,0.3369850814342499,3.871350897103548,0.001
413.17,1424.50323577,440,456704,223,1035,0.006701035425066948,1.0,0.06030302494764328,0.9965794561430812,222,0.33702030777931213,2.603029055520892,0.001
416.42,1432.4510528300004,441,458752,224,1039,0.009269687347114086,1.0,0.13160431385040283,0.9988378296839073,223,0.3379673957824707,1.5798653192818164,0.001
422.18,1449.91057603,441,460800,225,1044,0.006496557500213385,1.0,0.05376940965652466,0.9902211958542466,224,0.33648088574409485,1.5841215938329696,0.001
425.32,1460.2659584899998,441,462848,226,1047,0.009757254272699356,1.0,0.10724379867315292,0.9986587491584942,225,0.33314481377601624,1.2821670390665532,0.001
427.38,1467.72572667,441,464896,227,1052,0.007189091760665178,1.0,0.06873660534620285,0.9980695565463975,226,0.3320198953151703,3.3047261238098145,0.001
428.73,1477.8892275999997,442,466944,228,1056,0.008591603487730026,1.0,0.05716988071799278,0.9990819288650528,227,0.3287964165210724,2.0461053121834993,0.001
424.21,1466.9447736900004,441,468992,229,1062,0.008840370923280716,1.0,0.09210716933012009,0.999229152163025,228,0.3262860178947449,1.5226167064160108,0.001
426.12,1475.1409283199996,442,471040,230,1065,0.008621162734925747,1.0,0.0873066857457161,0.9990978615242057,229,0.3241982161998749,2.5879467405378818,0.001
430.84,1490.0998600899998,441,473088,231,1071,0.009406534023582935,1.0,0.05565480515360832,0.9990809503942728,230,0.3220493793487549,1.247103690728545,0.001
433.71,1499.6569909600003,441,475136,232,1075,0.009223426692187786,1.0,0.07622477412223816,0.9991198491770774,231,0.3212273120880127,0.9129846356809139,0.001
433.9,1500.0041696499998,440,477184,233,1082,0.009279198944568634,1.0,0.06867842376232147,0.9993303505470976,232,0.32344383001327515,1.7159884564578534,0.001
436.71,1507.68933376,441,479232,234,1085,0.009236668236553669,1.0,0.07093188911676407,0.9989523536060005,233,0.3231559991836548,1.0882213862612844,0.001
434.01,1498.2945611,440,481280,235,1092,0.008579636923968792,1.0,0.19414296746253967,0.9958812431432307,234,0.32321834564208984,0.8939365185797215,0.001
434.65,1503.1930845400002,441,483328,236,1095,0.009140766225755215,1.0,0.0844283401966095,0.9976968825794756,235,0.3196490705013275,5.908333557099104,0.001
434.39,1504.70659552,439,485376,237,1103,0.008767349645495415,1.0,0.05876866728067398,0.9990118638379499,236,0.3211463987827301,2.5635132104158402,0.001
435.43,1506.82924364,440,487424,238,1106,0.008695383556187153,1.0,0.07310117781162262,0.9992327191866934,237,0.3201911747455597,1.9796062417328357,0.001
439.52,1518.1544199899997,439,489472,239,1112,0.006403113249689341,1.0,0.04061619192361832,0.9654220007359982,238,0.319195419549942,120.90330528914929,0.001
439.14,1516.62277985,440,491520,240,1116,0.0069824461825191975,1.0,0.07493575662374496,0.9875796036794782,239,0.31562504172325134,3.3741050489246844,0.001
442.07,1525.9431480800004,439,493568,241,1122,0.009732064791023731,1.0,0.09583643078804016,0.998570085153915,240,0.31436634063720703,1.9505817390978337,0.001
442.99,1528.9560727100004,440,495616,242,1126,0.008930116891860962,1.0,0.06770248711109161,0.9991707523004152,241,0.31503942608833313,1.8555808290839195,0.001
445.04,1537.26901545,440,497664,243,1130,0.009214484132826328,1.0,0.05447796359658241,0.9983308411901817,242,0.31223928928375244,1.44447278752923,0.001
445.04,1541.61109383,440,499712,244,1134,0.009062075056135654,1.0,0.06092294305562973,0.9990712595754303,243,0.3087500035762787,1.6497005581855775,0.001
447.71,1555.2275687000001,439,501760,245,1140,0.0063738212920725346,1.0,0.04547826945781708,0.9991559092304669,244,0.3070356547832489,1.3385151270776987,0.001
447.69,1558.43101033,440,503808,246,1144,0.009754219092428684,1.0,0.05369570851325989,0.9919025097042322,245,0.306566447019577,5.83484111353755,0.001
448.17,1562.10804301,439,505856,247,1149,0.009183590300381184,1.0,0.049438461661338806,0.9979055735748261,246,0.30690574645996094,1.9484405189752578,0.001
450.19,1568.4412353299997,440,507904,248,1153,0.00931036937981844,1.0,0.07909125834703445,0.9984584065387025,247,0.30562862753868103,1.4590415596961974,0.001
451.62,1570.83497152,440,509952,249,1158,0.006345425266772509,1.0,0.05478421971201897,0.9990858554956503,248,0.3044860064983368,1.639802211895585,0.001
451.94,1570.45268586,440,512000,250,1163,0.0062491982243955135,1.0,0.1364937126636505,0.9985141030047089,249,0.30414339900016785,1.2697638098150492,0.001
453.89,1574.36704017,440,514048,251,1166,0.009302102960646152,1.0,0.09048159420490265,0.999249737302307,250,0.30241501331329346,1.359450326859951,0.001
453.58,1575.72904205,440,516096,252,1172,0.008967874571681023,1.0,0.06855512410402298,0.9992138612433337,251,0.3008498549461365,0.8583717165514827,0.001
452.83,1574.7757387500003,440,518144,253,1175,0.006892102304846048,1.0,0.056448932737112045,0.9941290481947362,252,0.3006587028503418,5.38957189694047,0.001
455.68,1581.82069844,439,520192,254,1182,0.009193053469061852,1.0,0.07127515971660614,0.9991666523856111,253,0.2991741895675659,1.7581485647708177,0.001
455.68,1580.27325051,440,522240,255,1186,0.009765589609742165,1.0,0.06355252861976624,0.9961277588736266,254,0.29855576157569885,0.9184503674507141,0.001
450.58,1563.5941712600002,439,524288,256,1192,0.00958948489278555,1.0,0.07965193688869476,0.9979048660025001,255,0.29838448762893677,1.1497113451361656,0.001
450.84,1563.1622270399998,440,526336,257,1195,0.006693944334983826,1.0,0.03128894418478012,0.9311535581946373,256,0.2992936074733734,70.58331265598535,0.001
451.58,1565.3539527700004,439,528384,258,1203,0.008333452045917511,1.0,0.0624576061964035,0.9775948487222195,257,0.2982461750507355,19.712277163565158,0.001
454.01,1571.75149051,439,530432,259,1207,0.009432420134544373,1.0,0.06979133188724518,0.9972363773267716,258,0.2990502715110779,4.858733531832695,0.001
453.57,1566.6595102,439,532480,260,1211,0.006377039942890406,1.0,0.13863709568977356,0.9980612463550642,259,0.2979230284690857,1.7441731214523315,0.001
454.3,1569.36651674,439,534528,261,1216,0.009658584371209145,1.0,0.061924438923597336,0.9984242076752707,260,0.2959296405315399,1.1556800615042448,0.001
453.83,1570.4207390299998,439,536576,262,1219,0.009914441965520382,1.0,0.3790249824523926,0.9987433606293052,261,0.2935069501399994,0.9590374059975147,0.001
458.21,1580.5315289699997,438,538624,263,1226,0.008554913103580475,1.0,0.08074057847261429,0.9986741307657212,262,0.2920936644077301,1.8848170328885316,0.001
456.12,1572.4772636,439,540672,264,1230,0.009536578319966793,1.0,0.07972917705774307,0.9988659444497898,263,0.29117268323898315,0.9709565231576562,0.001
456.51,1573.9501703300004,438,542720,265,1237,0.009427024982869625,1.0,0.06868651509284973,0.9988065630896017,264,0.29072999954223633,1.9668630030006171,0.001
452.29,1559.0249162000002,439,544768,266,1240,0.009802990593016148,1.0,0.09723596274852753,0.9992091039312072,265,0.2894004285335541,1.7268096316605805,0.001
447.9,1541.7380363799998,439,546816,267,1245,0.009969309903681278,1.0,0.0870223417878151,0.9982770918868482,266,0.28895941376686096,3.0773561179637907,0.001
442.42,1524.0065315900001,439,548864,268,1248,0.009398659691214561,1.0,0.0611545704305172,0.997748309513554,267,0.28845906257629395,3.3885020703077315,0.001
440.43,1517.5110690100005,439,550912,269,1253,0.00911215040832758,1.0,0.07762812077999115,0.9975271434523165,268,0.28916341066360474,4.628678358346224,0.001
439.87,1514.1976642299999,439,552960,270,1256,0.008976138196885586,1.0,0.06184304505586624,0.9981625252403319,269,0.28878888487815857,4.332545110583306,0.001
436.72,1504.5243487899997,439,555008,271,1261,0.008671963587403297,1.0,0.16442197561264038,0.9988948019454256,270,0.2920871376991272,1.7075280159711839,0.001
431.42,1488.8704675599997,439,557056,272,1268,0.009070792235434055,1.0,0.11761318147182465,0.9983515061903745,271,0.2929908335208893,2.6621906112879516,0.001
432.07,1488.32302105,439,559104,273,1272,0.0098198177292943,1.0,0.12294839322566986,0.9981134086847305,272,0.29365888237953186,2.640957800298929,0.001
431.96,1486.2258120000001,438,561152,274,1278,0.009127403609454632,1.0,0.07140146195888519,0.9984900590498,273,0.2947857677936554,1.153231954947114,0.001
427.44,1475.9262676999997,438,563200,275,1283,0.00929670687764883,1.0,0.09593968093395233,0.9989481117809191,274,0.2956560552120209,1.6744667802006006,0.001
425.55,1471.2126310900003,438,565248,276,1288,0.009408500045537949,1.0,0.08467750996351242,0.999188264249824,275,0.2950950860977173,1.5478913716971874,0.001
425.83,1473.9339577100002,438,567296,277,1292,0.009256395511329174,1.0,0.08189187943935394,0.9987990243826061,276,0.29606160521507263,1.5103286176919937,0.001
423.35,1464.8839436900005,438,569344,278,1297,0.00896225031465292,1.0,0.06659721583127975,0.9993057918618433,277,0.29462680220603943,2.232369512319565,0.001
425.42,1470.0442269199996,438,571392,279,1301,0.0092993238940835,1.0,0.11217062175273895,0.9986880839569494,278,0.29306498169898987,3.513201054185629,0.001
426.58,1471.7890764200001,437,573440,280,1309,0.008903395384550095,1.0,0.08828816562891006,0.9991131320712157,279,0.2941440939903259,0.8828381383791566,0.001
427.92,1477.0890111899998,437,575488,281,1314,0.007405464071780443,1.0,0.049953944981098175,0.9725932832807302,280,0.29534241557121277,4.894067395851016,0.001
427.31,1475.56741341,438,577536,282,1317,0.009351435117423534,1.0,0.11826623976230621,0.9973408493679017,281,0.295545369386673,2.0905838701874018,0.001
425.67,1467.60006537,437,579584,283,1324,0.008047440089285374,1.0,0.040566638112068176,0.9846911849454045,282,0.29348477721214294,3.593954625725746,0.001
425.46,1467.8411998999998,432,581632,284,1343,0.00986600574105978,1.0,0.06688655912876129,0.9979209415614605,283,0.2939743101596832,1.3588888661935925,0.001
426.83,1473.0487998299996,430,583680,285,1355,0.00971329677850008,1.0,0.0977836400270462,0.9984575499547645,284,0.2955034673213959,2.2069682855159045,0.001
427.01,1471.7989478000004,431,585728,286,1358,0.009794616140425205,1.0,0.07518651336431503,0.9985459799645469,285,0.29518261551856995,1.9151678983122111,0.001
431.36,1483.3604505900003,431,587776,287,1362,0.009414044208824635,1.0,0.07701998949050903,0.9957761205732822,286,0.29313185811042786,0.8217476662248373,0.001
434.34,1493.62542549,431,589824,288,1366,0.009315363131463528,1.0,0.07507281750440598,0.996504346607253,287,0.2923276126384735,0.6516871759667993,0.001
437.11,1501.5860347100001,431,591872,289,1370,0.008938813582062721,1.0,0.07582908123731613,0.9979665956925601,288,0.2912684977054596,1.781008179485798,0.001
438.19,1504.20729334,424,593920,290,1398,0.00962795503437519,1.0,0.10558759421110153,0.9988367815967649,289,0.2898789644241333,1.6407579313963652,0.001
437.06,1501.6098200299998,425,595968,291,1401,0.009204795584082603,1.0,0.05386671423912048,0.9987780927913263,290,0.28754737973213196,1.9343171771615744,0.001
438.21,1505.05352221,425,598016,292,1405,0.009419593028724194,1.0,0.06886137276887894,0.9985606673872098,291,0.28551995754241943,4.274415861815214,0.001
441.89,1514.82808098,425,600064,293,1408,0.009825373999774456,1.0,0.1236705631017685,0.9986538300290704,292,0.28689268231391907,2.524082688987255,0.001
445.84,1528.9210237099999,424,602112,294,1416,0.00972758885473013,1.0,0.06332606077194214,0.9957882394082844,293,0.28698036074638367,0.6113913807086646,0.001
447.49,1532.7460344400001,425,604160,295,1420,0.009252788498997688,1.0,0.06664596498012543,0.9984441610286012,294,0.2863176465034485,2.1727568302303553,0.001
450.49,1541.3722679399998,425,606208,296,1426,0.009817236103117466,1.0,0.058650903403759,0.9969431958161294,295,0.28652259707450867,0.7227514589205384,0.001
453.85,1550.6893138599999,425,608256,297,1430,0.008661500178277493,1.0,0.06937702745199203,0.9988763291621581,296,0.28866347670555115,1.357070213742554,0.001
454.12,1551.9351450299998,425,610304,298,1435,0.008768430911004543,1.0,0.07843763381242752,0.9981974783586338,297,0.28546425700187683,2.1877716980874538,0.001
452.67,1546.7674036399999,425,612352,299,1440,0.009779456071555614,1.0,0.07128313183784485,0.9986903063254431,298,0.28291359543800354,2.003227898105979,0.001
456.01,1557.5618028599995,425,614400,300,1444,0.009290368296205997,1.0,0.06420080363750458,0.9992684575845487,299,0.27845320105552673,1.755558505654335,0.001
458.43,1565.1527578699997,425,616448,301,1449,0.00903876218944788,1.0,0.06477236747741699,0.9992615589872003,300,0.2770467698574066,1.9088622160255908,0.001
455.55,1557.39799783,425,618496,302,1454,0.009410941042006016,1.0,0.05605491250753403,0.9979624750558287,301,0.27599141001701355,2.0688268009573223,0.001
456.81,1559.55257919,425,620544,303,1458,0.009051661938428879,1.0,0.07244879752397537,0.9993294368614443,302,0.2767610549926758,1.1711712330579758,0.001
458.24,1564.46101441,425,622592,304,1462,0.009489423595368862,1.0,0.06480226665735245,0.9964814777486026,303,0.27691206336021423,0.6048063598573208,0.001
459.05,1567.15890932,419,624640,305,1490,0.009534779004752636,1.0,0.06925790011882782,0.9987592960242182,304,0.2764010727405548,1.738751109689474,0.001
458.52,1565.714052,419,626688,306,1493,0.009423747658729553,1.0,0.07069741934537888,0.9969533407129347,305,0.2743637263774872,1.8249777525663375,0.001
459.31,1569.8928751500002,419,628736,307,1497,0.009641341865062714,1.0,0.12086235731840134,0.9993769989232533,306,0.2737307548522949,1.456683586165309,0.001
461.14,1575.84314061,419,630784,308,1504,0.00963867548853159,1.0,0.07220756262540817,0.9993750950670801,307,0.2685854732990265,1.4289719477295875,0.001
461.14,1575.5906323999995,419,632832,309,1507,0.00959869846701622,1.0,0.07421360909938812,0.997397021157667,308,0.2687242329120636,1.6928296428173781,0.001
460.22,1575.8988283999997,419,634880,310,1512,0.009509054012596607,1.0,0.07095283269882202,0.9962639866862446,309,0.2682945728302002,0.7356163613498211,0.001
463.89,1585.9146970000002,420,636928,311,1516,0.008941996842622757,1.0,0.06882286816835403,0.9987842984264717,310,0.26799276471138,1.821068410947919,0.001
465.01,1588.96686013,420,638976,312,1520,0.008879286237061024,1.0,0.06059069186449051,0.9963452711235732,311,0.2674616873264313,1.9109376206994058,0.001
466.63,1594.56327701,420,641024,313,1525,0.006793519947677851,1.0,0.05150566250085831,0.9966787823941559,312,0.2664470970630646,1.5682437308132648,0.001
471.38,1609.37257515,420,643072,314,1530,0.00943655613809824,1.0,0.06829523295164108,0.9986430248245597,313,0.2644784152507782,2.719912860542536,0.001
474.17,1617.7049389699998,419,645120,315,1539,0.008592378348112106,1.0,0.06496722251176834,0.9986834336305037,314,0.2653558552265167,1.9002687953412534,0.001
472.13,1611.1782530299997,419,647168,316,1543,0.00968988984823227,1.0,0.05960319563746452,0.9983109073946252,315,0.26541873812675476,1.379858878441155,0.001
472.38,1607.53364279,418,649216,317,1550,0.009552444331347942,1.0,0.06877485662698746,0.9979937640018761,316,0.26630184054374695,1.8551815312355757,0.001
467.95,1597.44121035,414,651264,318,1569,0.009311839006841183,1.0,0.0688895657658577,0.9959951853379607,317,0.26668795943260193,0.9465804738923908,0.001
468.32,1598.07360165,413,653312,319,1578,0.00959682185202837,1.0,0.1365310102701187,0.9983108419692144,318,0.2661074697971344,3.6172944627702237,0.001
469.48,1600.21724819,414,655360,320,1582,0.00971077848225832,1.0,0.08766309171915054,0.9983400250785053,319,0.26618215441703796,1.9936150159686803,0.001
471.1,1603.4361957199997,414,657408,321,1587,0.009423996321856976,1.0,0.06201700121164322,0.9949461175128818,320,0.2650277614593506,0.8843893840909004,0.001
474.57,1616.6017495699998,414,659456,322,1590,0.009501153603196144,1.0,0.06215710937976837,0.9954330450855196,321,0.2638184130191803,0.9072130978107452,0.001
474.88,1616.4778885100002,413,661504,323,1598,0.00899107288569212,1.0,0.058567218482494354,0.9991553468862548,322,0.2624317407608032,1.843338993936777,0.001
472.38,1608.8305516799999,414,663552,324,1601,0.009250533767044544,1.0,0.057633087038993835,0.9990143883042037,323,0.26496008038520813,0.8253149667754769,0.001
471.09,1605.39108417,413,665600,325,1608,0.009862706065177917,1.0,0.0773460641503334,0.999026421806775,324,0.26449117064476013,1.1087455341592432,0.001
465.6,1590.59464882,413,667648,326,1612,0.009004251100122929,1.0,0.24241167306900024,0.9991509642568417,325,0.26462316513061523,1.5635076697915793,0.001
462.22,1582.4430027399999,413,669696,327,1619,0.00892802607268095,1.0,0.09096727520227432,0.9989459161879495,326,0.2656421661376953,2.8869484666734935,0.001
461.99,1582.83484373,413,671744,328,1626,0.009712380357086658,1.0,0.07690463960170746,0.9990935705718584,327,0.2648061215877533,2.0298783484846354,0.001
462.69,1585.31392824,413,673792,329,1629,0.009368150494992733,1.0,0.041254281997680664,0.9796306174248457,328,0.2655496597290039,36.40066792666912,0.001
455.57,1565.3831509899996,412,675840,330,1636,0.009566081687808037,1.0,0.09586412459611893,0.998075979645364,329,0.2652558982372284,2.285957036167383,0.001
452.22,1556.0493345300001,413,677888,331,1639,0.009938974864780903,1.0,0.06293392181396484,0.9976092232391238,330,0.26497164368629456,4.926655019819736,0.001
447.68,1540.5270077400003,413,679936,332,1644,0.009945561178028584,1.0,0.05801969766616821,0.9980110563337803,331,0.2629717290401459,2.6724341962486506,0.001
444.98,1531.64454768,413,681984,333,1648,0.009819980710744858,1.0,0.06596630811691284,0.9987067329930142,332,0.26329416036605835,2.137603295966983,0.001
440.84,1522.0037529800002,409,684032,334,1670,0.009405751712620258,1.0,0.11871214956045151,0.9991371764335781,333,0.26396673917770386,1.4007978599518538,0.001
441.67,1521.70013458,407,686080,335,1682,0.009005039930343628,1.0,0.1537422388792038,0.9991444849874824,334,0.26413610577583313,2.1401518531143666,0.001
441.35,1520.65036943,408,688128,336,1686,0.009478116407990456,1.0,0.07688194513320923,0.999156853184104,335,0.26448050141334534,0.8511826435104013,0.001
438.62,1513.7469848000003,408,690176,337,1690,0.008553910069167614,1.0,0.06732270121574402,0.9992521363310516,336,0.2643266022205353,0.6829216845333577,0.001
440.66,1520.5759449299999,408,692224,338,1694,0.009385633282363415,1.0,0.0738527923822403,0.9984091103542596,337,0.2640933096408844,1.8458948284387589,0.001
441.67,1526.08438314,408,694272,339,1699,0.009896700270473957,1.0,0.06383480876684189,0.9962801293004304,338,0.2645168602466583,0.6333196197636426,0.001
440.28,1523.4183824099998,408,696320,340,1703,0.009264914318919182,1.0,0.07477302849292755,0.9993301844224334,339,0.26421287655830383,1.2698859095573425,0.001
437.49,1516.11420804,408,698368,341,1710,0.00929860770702362,1.0,0.0923524796962738,0.9992062690434977,340,0.2640557289123535,1.8598228003829718,0.001
437.49,1517.0025342299998,407,700416,342,1716,0.009219142608344555,1.0,0.08467644453048706,0.9987797000212595,341,0.2661336362361908,1.5421866297721862,0.001
433.55,1504.6007069900004,408,702464,343,1720,0.008975019678473473,1.0,0.052826039493083954,0.9955554399639368,342,0.2679358720779419,0.9285684421658515,0.001
433.59,1507.35667318,408,704512,344,1725,0.008990321308374405,1.0,0.08428297191858292,0.9994795392849483,343,0.26690056920051575,1.5819578282535076,0.001
435.08,1514.32182806,408,706560,345,1728,0.009074274450540543,1.0,0.07645845413208008,0.9994778374093585,344,0.2665010094642639,1.6914665125310422,0.001
434.35,1513.2911828000006,408,708608,346,1734,0.009540660306811333,1.0,0.07096593827009201,0.9993965714820661,345,0.26595306396484375,1.2185340031981469,0.001
438.33,1523.6695723900002,408,710656,347,1738,0.009451805613934994,1.0,0.08163940906524658,0.999527943728026,346,0.2676422595977783,1.2539358368143438,0.001
442.25,1537.0418090399999,409,712704,348,1742,0.009724395349621773,1.0,0.06204279139637947,0.9948838804848492,347,0.26539042592048645,0.6986404391005635,0.001
446.27,1546.5706016000001,408,714752,349,1749,0.009448678232729435,1.0,0.06623866409063339,0.9994605914107524,348,0.2649348974227905,0.9191649001091718,0.001
446.97,1548.4283757,408,716800,350,1752,0.0066132009960711,1.0,0.07595772296190262,0.9969736288767308,349,0.26537394523620605,0.6127985266037286,0.001
444.94,1543.7359795,409,718848,351,1757,0.009743337519466877,1.0,0.07019578665494919,0.999506067018956,350,0.26527389883995056,1.1446454798802734,0.001
448.56,1552.5177886299998,409,720896,352,1760,0.008608630858361721,1.0,0.08198460936546326,0.9991757128736936,351,0.26680102944374084,3.0331257581710815,0.001
450.0,1558.1152613699999,409,722944,353,1765,0.009391828440129757,1.0,0.06520484387874603,0.9989981184480712,352,0.266340434551239,1.578109773620963,0.001
453.02,1567.81331601,409,724992,354,1769,0.009364538826048374,1.0,0.08454583585262299,0.9988954352447763,353,0.26633328199386597,1.1641658714041114,0.001
453.41,1568.74487032,410,727040,355,1773,0.009333476424217224,1.0,0.4887714087963104,0.9993919608532451,354,0.267206609249115,1.124933703057468,0.001
455.18,1574.2876350399995,409,729088,356,1780,0.009890256449580193,1.0,0.09900663793087006,0.9993025005678646,355,0.26754727959632874,1.1943426188081503,0.001
453.75,1568.90073617,409,731136,357,1785,0.006405071821063757,1.0,0.07250504195690155,0.9994500301545486,356,0.2663537859916687,1.5571107413619756,0.001
452.7,1565.5826330700002,409,733184,358,1790,0.0068985819816589355,1.0,0.05082646384835243,0.9982703503919765,357,0.2660059630870819,1.4503428429365157,0.001
453.43,1566.7215655700004,403,735232,359,1820,0.00971656572073698,1.0,0.11665618419647217,0.9994893614784814,358,0.2671830952167511,0.6555308790877461,0.001
450.8,1559.6721450100003,404,737280,360,1823,0.009980120696127415,1.0,0.07051151245832443,0.9972346080467105,359,0.26744768023490906,1.3757758758962155,0.001
452.78,1566.89955271,403,739328,361,1830,0.006404669489711523,1.0,0.05086050182580948,0.9948266013525426,360,0.26814836263656616,7.887988114356995,0.001
449.12,1554.45016611,404,741376,362,1833,0.00989785697311163,1.0,0.09597180038690567,0.998699851334095,361,0.2678113281726837,1.439481069520116,0.001
443.13,1536.4511618999998,403,743424,363,1840,0.009133581072092056,1.0,0.10919435322284698,0.9980902996612713,362,0.26887407898902893,3.003905627131462,0.001
441.56,1532.30914638,403,745472,364,1845,0.009309939108788967,1.0,0.128505140542984,0.9988847800996155,363,0.268915593624115,2.142834520712495,0.001
442.68,1534.4561204000001,404,747520,365,1848,0.009269610978662968,1.0,0.10822678357362747,0.9989372530253604,364,0.2681180536746979,1.0593087857589125,0.001
443.11,1534.4327423000004,403,749568,366,1858,0.008895873092114925,1.0,0.07526153326034546,0.999066547548864,365,0.26713597774505615,1.622971235215664,0.001
443.47,1534.5687869800001,403,751616,367,1863,0.006298516411334276,1.0,0.0649341493844986,0.9989032380981371,366,0.2666001617908478,0.9629916753619909,0.001
445.89,1540.89063707,402,753664,368,1872,0.009133782237768173,1.0,0.06753642857074738,0.9991715361829847,367,0.26617541909217834,0.90080998968333,0.001
445.89,1541.1559314899996,402,755712,369,1879,0.009397306479513645,1.0,0.06602025032043457,0.9993875499931164,368,0.2656131088733673,0.5556001763790845,0.001
442.54,1533.1566805500001,402,757760,370,1883,0.009318004362285137,1.0,0.06474295258522034,0.9979074869770557,369,0.2657265365123749,0.4227073202840984,0.001
442.19,1531.5278726100003,401,759808,371,1890,0.009151089005172253,1.0,0.06397614628076553,0.9991031639510766,370,0.2651669979095459,1.8313054826110602,0.001
435.03,1504.3361073500002,400,761856,372,1901,0.009858733974397182,1.0,0.0637919083237648,0.9987623953493312,371,0.263847678899765,0.887961988709867,0.001
434.58,1503.06565397,400,763904,373,1905,0.009936046786606312,1.0,0.06938128173351288,0.9017491266131401,372,0.2637746036052704,158.71237283349038,0.001
427.64,1482.2481809699998,400,765952,374,1912,0.009959743358194828,1.0,0.06586532294750214,0.9820214677602053,373,0.2631981074810028,24.6705561041832,0.001
424.24,1475.4960433200001,400,768000,375,1915,0.008285705000162125,1.0,0.05754020810127258,0.9915829980745912,374,0.26212936639785767,10.313118186593055,0.001
425.5,1480.3953162999999,400,770048,376,1924,0.009516716003417969,1.0,0.08172570168972015,0.9945940002799034,375,0.26113182306289673,7.334810245037079,0.001
424.2,1477.7351963600001,399,772096,377,1931,0.008335752412676811,1.0,0.09005402028560638,0.9985658805817366,376,0.2617878317832947,2.273093106970191,0.001
426.32,1485.2380974199996,399,774144,378,1939,0.009669339284300804,1.0,0.0279274582862854,0.993462563958019,377,0.26143309473991394,21.837743148207664,0.001
425.12,1484.0476644,399,776192,379,1943,0.009442738257348537,1.0,0.04754508286714554,0.998202467453666,378,0.260631799697876,1.5349137905985117,0.001
423.19,1478.5154324599998,399,778240,380,1947,0.006703901570290327,1.0,0.04971180111169815,0.9931756793521345,379,0.2605079412460327,4.716972682625055,0.001
422.65,1475.79828317,399,780288,381,1955,0.009834532625973225,1.0,0.06776448339223862,0.9975252840667963,380,0.25980624556541443,2.8553595382720234,0.001
422.03,1475.16896765,398,782336,382,1962,0.0092017175629735,1.0,0.07812732458114624,0.9982279174728319,381,0.2601810395717621,1.6659424968063832,0.001
423.88,1481.41992322,398,784384,383,1966,0.009860633872449398,1.0,0.08073399215936661,0.9986551235197112,382,0.2597721219062805,2.1204953346401454,0.001
431.08,1503.69093683,398,786432,384,1974,0.008761688135564327,1.0,0.08456175029277802,0.998287215246819,383,0.2592068612575531,2.149368828162551,0.001
430.36,1503.13053899,397,788480,385,1981,0.009433808736503124,1.0,0.07912784814834595,0.9980305526405573,384,0.25945788621902466,0.9450700158253312,0.001
433.91,1514.7649425000004,397,790528,386,1987,0.00888807699084282,1.0,0.1334625482559204,0.9984236839227378,385,0.258772611618042,2.199485571682453,0.001
437.27,1523.37639835,397,792576,387,1991,0.00962915550917387,1.0,0.10010194033384323,0.9985287146409974,386,0.2580553889274597,1.797923613898456,0.001
438.41,1526.13894174,397,794624,388,2000,0.009561046026647091,1.0,0.05826378986239433,0.9983822412323207,387,0.2585618793964386,0.5747499957680702,0.001
439.64,1529.97613741,397,796672,389,2005,0.009713838808238506,1.0,0.07689249515533447,0.9950959975831211,388,0.2587771415710449,1.3064017422497272,0.001
437.09,1524.9936541600002,397,798720,390,2009,0.0064912415109574795,1.0,0.08694193512201309,0.9987605409696698,389,0.2583940327167511,0.7805277643725276,0.001
433.66,1516.45643258,396,800768,391,2017,0.009402088820934296,1.0,0.08515460789203644,0.9986632737563923,390,0.25836092233657837,2.173107912018895,0.001
435.96,1523.2558028400003,397,802816,392,2021,0.009666001424193382,1.0,0.08467277884483337,0.9984604887431487,391,0.25841066241264343,2.524764018505812,0.001
438.21,1532.5285873100001,397,804864,393,2025,0.00948537141084671,1.0,0.06283269822597504,0.9979780504945666,392,0.2587197721004486,1.0217974936589598,0.001
440.76,1544.91356853,397,806912,394,2030,0.009142176248133183,1.0,0.08703577518463135,0.9981183540076017,393,0.25821754336357117,3.8079167075455187,0.001
445.4,1559.0282379300002,397,808960,395,2035,0.008862932212650776,1.0,0.06545677036046982,0.9987481902353466,394,0.2578193247318268,1.7285703402012587,0.001
449.91,1573.1289177199997,397,811008,396,2042,0.009065959602594376,1.0,0.10828253626823425,0.9989976887591183,395,0.2590869963169098,1.4208230093121528,0.001
453.79,1582.2225994400003,396,813056,397,2049,0.009836038574576378,1.0,0.10275602340698242,0.9991353959194385,396,0.2592751085758209,1.0094086788594723,0.001
457.29,1591.1543036499997,397,815104,398,2052,0.00936069618910551,1.0,0.052287302911281586,0.9974962018895894,397,0.25852489471435547,1.1642990168184042,0.001
459.32,1596.57421418,396,817152,399,2060,0.009241573512554169,1.0,0.05849712714552879,0.9972313516773283,398,0.25826579332351685,0.7575810290873051,0.001
460.67,1600.9204868399997,396,819200,400,2067,0.009362156502902508,1.0,0.06146487221121788,0.9993980081053451,399,0.25867941975593567,0.5824027830734849,0.001
461.78,1603.75871915,396,821248,401,2072,0.009660841897130013,1.0,0.08521771430969238,0.9986466742120683,400,0.2580813467502594,0.6253993044607341,0.001
462.95,1605.72490321,396,823296,402,2076,0.009334317408502102,1.0,0.13742226362228394,0.9987326595000923,401,0.2589952051639557,1.3799974178895353,0.001
464.55,1612.8596394,396,825344,403,2083,0.006489222869277,1.0,0.06508748233318329,0.9992553475312889,402,0.2586301267147064,0.858029106631875,0.001
465.56,1615.04158781,396,827392,404,2088,0.009094786830246449,1.0,0.0737297460436821,0.9989089963492006,403,0.261229932308197,0.660118028242141,0.001
464.91,1610.71030934,396,829440,405,2091,0.009529952891170979,1.0,0.048117078840732574,0.9638713821768761,404,0.26203277707099915,13.661752538383007,0.001
468.09,1620.9443929099998,396,831488,406,2099,0.009410359896719456,1.0,0.11078624427318573,0.9957224363461137,405,0.26226574182510376,3.998193034529686,0.001
464.27,1609.3712743800002,396,833536,407,2102,0.009221767075359821,1.0,0.10982494801282883,0.9971176614053547,406,0.26245376467704773,0.6146329020150005,0.001
461.86,1600.7689542100002,396,835584,408,2109,0.009206718765199184,1.0,0.04787297919392586,0.9780640508979559,407,0.2639562487602234,11.351305136084557,0.001
460.49,1596.5429251299997,396,837632,409,2113,0.009828360751271248,1.0,0.14950934052467346,0.9986316100694239,408,0.26338157057762146,2.6623267833143474,0.001
458.93,1594.5528939199999,396,839680,410,2118,0.009213283658027649,1.0,0.061446622014045715,0.99880782852415,409,0.2631824314594269,1.3052162703126668,0.001
455.84,1587.62170758,395,841728,411,2125,0.006521131843328476,1.0,0.012371540069580078,0.9896620800718665,410,0.26050642132759094,2.768185132741928,0.001
456.07,1590.2781485800003,396,843776,412,2129,0.00964941456913948,1.0,0.08409067243337631,0.9995046211406589,411,0.25929155945777893,1.064856600947678,0.001
459.22,1598.7255101999995,395,845824,413,2141,0.009358790703117847,1.0,0.0686316192150116,0.9988132488215342,412,0.25906506180763245,1.458917535841465,0.001
460.57,1602.4659253599996,392,847872,414,2159,0.009850145317614079,1.0,0.10458982735872269,0.9986009204294533,413,0.26114422082901,1.3212220571935176,0.001
460.45,1601.6492063300002,392,849920,415,2163,0.009631863795220852,1.0,0.06470298767089844,0.9991426953929476,414,0.2603969871997833,0.9218204334378243,0.001
462.41,1608.96994993,393,851968,416,2167,0.007235660683363676,1.0,0.06202775985002518,0.9993603911716491,415,0.259417861700058,0.7947001600638032,0.001
465.41,1614.8282645,393,854016,417,2171,0.008945607580244541,1.0,0.06748317182064056,0.9992603100836277,416,0.25801315903663635,1.061898224055767,0.001
466.23,1616.32358778,393,856064,418,2175,0.009283232502639294,1.0,0.06537968665361404,0.9972454870585352,417,0.2584059536457062,0.6581292068585753,0.001
467.2,1620.93858966,392,858112,419,2183,0.006548166275024414,1.0,0.06486251950263977,0.9967476171441376,418,0.2589088976383209,0.911476445198059,0.001
458.47,1594.71644312,392,860160,420,2190,0.006618618965148926,1.0,0.05518590286374092,0.9947481621056795,419,0.2588162124156952,1.3252152135595678,0.001
457.28,1593.4971230400001,392,862208,421,2195,0.009587115608155727,1.0,0.07472534477710724,0.9987612745026127,420,0.25914841890335083,2.9295107528567312,0.001
453.56,1582.4515118299998,392,864256,422,2200,0.009487583301961422,1.0,0.07764452695846558,0.9988700812682509,421,0.259097695350647,2.083207117766142,0.001
453.56,1584.1603479999999,392,866304,423,2206,0.00950102973729372,1.0,0.07490949332714081,0.9992162447306328,422,0.26072457432746887,1.8136632278561593,0.001
454.0,1585.8354914699999,392,868352,424,2210,0.009443077258765697,1.0,0.07267444580793381,0.9991295182844624,423,0.2609923481941223,0.7642849989235401,0.001
452.6,1581.1004516399998,392,870400,425,2218,0.00925961509346962,1.0,0.10688242316246033,0.9995268702623434,424,0.2612924873828888,1.0259971268475057,0.001
452.55,1579.6997856300002,392,872448,426,2223,0.0066585117019712925,1.0,0.054916564375162125,0.9993834148044698,425,0.2614661753177643,0.8050758568570018,0.001
447.67,1564.7424874199999,392,874496,427,2227,0.009519937448203564,1.0,0.06488694995641708,0.9987139687873423,426,0.26032066345214844,0.9883434839546681,0.001
445.43,1558.74791786,392,876544,428,2234,0.009343236684799194,1.0,0.06538727879524231,0.9849163265898824,427,0.26016101241111755,32.04558689147234,0.001
435.38,1523.2379787700002,392,878592,429,2237,0.009692326188087463,1.0,0.01718907430768013,0.996161991963163,428,0.25944605469703674,5.479744675010442,0.001
433.79,1516.02129801,392,880640,430,2246,0.009460649453103542,1.0,0.03585874289274216,0.9961993920151144,429,0.2589137852191925,13.728179627656937,0.001
423.35,1478.1005051200002,392,882688,431,2250,0.009602201171219349,1.0,0.06461557745933533,0.9986798148602247,430,0.2600449025630951,2.972965356707573,0.001
416.65,1452.48489722,391,884736,432,2257,0.009520363993942738,1.0,0.07457778602838516,0.9979335761163384,431,0.2604648768901825,9.351837593317033,0.001
409.51,1427.9118047899997,392,886784,433,2261,0.009604468010365963,1.0,0.10120982676744461,0.9981225803494453,432,0.2606786787509918,5.328951574862003,0.001
406.59,1420.08845802,391,888832,434,2268,0.006807275582104921,1.0,0.06097880005836487,0.9965282257180661,433,0.2605271339416504,5.992554260790348,0.001
397.26,1388.5112155899997,391,890880,435,2273,0.0066468077711761,1.0,0.1383022665977478,0.9977704954799265,434,0.26006194949150085,5.193745660036802,0.001
390.27,1365.5404866799997,392,892928,436,2277,0.009355400688946247,1.0,0.04324609786272049,0.9982291923370212,435,0.25833794474601746,10.159584113955498,0.001
384.53,1347.4888520499999,392,894976,437,2282,0.009236603043973446,1.0,0.09973207116127014,0.9985238462686539,436,0.2568301558494568,3.6237155348062515,0.001
382.72,1341.4194986400003,392,897024,438,2287,0.00910207349807024,1.0,0.13430459797382355,0.9990205788053572,437,0.2577390968799591,2.809974803030491,0.001
385.65,1348.2844591100002,392,899072,439,2291,0.00958145409822464,1.0,0.07968580722808838,0.9990999269066378,438,0.25807955861091614,1.6560801543295383,0.001
388.66,1355.61483787,392,901120,440,2296,0.009416026063263416,1.0,0.04981773719191551,0.9992560276878066,439,0.25822582840919495,1.839198275282979,0.001
389.76,1357.17572979,392,903168,441,2300,0.009610951878130436,1.0,0.05970989912748337,0.9953767391853034,440,0.259318083524704,1.0604060713201762,0.001
384.26,1339.58448719,392,905216,442,2305,0.006617448758333921,1.0,0.42530983686447144,0.9990127759519964,441,0.2590600848197937,1.0592830376699567,0.001
380.03,1326.93542861,392,907264,443,2309,0.009470918215811253,1.0,0.07045920193195343,0.999244199541863,442,0.2584626376628876,2.04963548630476,0.001
372.48,1306.37111237,392,909312,444,2317,0.00949763786047697,1.0,0.06919381767511368,0.9994091283879243,443,0.25845426321029663,1.8378863018006086,0.001
372.31,1306.73392974,392,911360,445,2322,0.009566123597323895,1.0,0.07016072422266006,0.9992192866629921,444,0.2566567659378052,3.4425574854016303,0.001
372.94,1309.9329655699999,392,913408,446,2327,0.009755557402968407,1.0,0.07315662503242493,0.9993115388206206,445,0.2557503283023834,2.762968375533819,0.001
373.53,1313.97079265,392,915456,447,2331,0.009883512742817402,1.0,0.03208145499229431,0.9913533674553037,446,0.2552022933959961,11.73343551158905,0.001
377.94,1327.6563344,392,917504,448,2339,0.009901389479637146,1.0,0.07273451238870621,0.9971159864217043,447,0.2545712888240814,4.258021846413612,0.001
383.7,1347.56426041,391,919552,449,2346,0.009562091901898384,1.0,0.05844926834106445,0.9964792281389236,448,0.25356218218803406,0.6880206953734159,0.001
391.4,1377.11823839,391,921600,450,2351,0.009871269576251507,1.0,0.07777544856071472,0.9991372819640674,449,0.2528276741504669,0.9347728956490755,0.001
396.03,1396.3720651199997,392,923648,451,2354,0.006974023301154375,1.0,0.0422191321849823,0.995548312086612,450,0.25295838713645935,3.5824356727302074,0.001
402.55,1418.75638654,391,925696,452,2362,0.009235202334821224,1.0,0.055372461676597595,0.9987395177595317,451,0.24992115795612335,2.0058261584490538,0.001
404.05,1423.6143424,391,927744,453,2367,0.009470771066844463,1.0,0.06927290558815002,0.9988788004266098,452,0.24918115139007568,1.3076324187219144,0.001
407.37,1434.1695708499997,392,929792,454,2370,0.008916200138628483,1.0,0.3962272107601166,0.9993022597627714,453,0.2492177039384842,1.302108059450984,0.001
411.26,1448.5541363900002,392,931840,455,2375,0.006605265196412802,1.0,0.04973778873682022,0.9821646455675364,454,0.24946092069149017,9.31053717955947,0.001
416.33,1469.4489348899997,392,933888,456,2378,0.009151977486908436,1.0,0.08494964987039566,0.9991326163290069,455,0.24861188232898712,1.3584333557635546,0.001
413.93,1463.9842460599998,392,935936,457,2383,0.009953743778169155,1.0,0.002188424114137888,0.996751114493236,456,0.2468424290418625,2.5004044461995365,0.001
417.1,1476.2612765600002,392,937984,458,2386,0.00942844245582819,1.0,0.07297036796808243,0.9988023367477581,457,0.24645762145519257,1.991104232892394,0.001
420.9,1488.8234048,392,940032,459,2394,0.009335380978882313,1.0,0.1336347758769989,0.999396703147795,458,0.2458457350730896,1.1017944395542145,0.001
419.52,1485.7603876399999,392,942080,460,2397,0.009186557494103909,1.0,0.06686291843652725,0.9977729255333543,459,0.24661095440387726,0.571119655482471,0.001
416.52,1479.6879456299998,392,944128,461,2404,0.009295822121202946,1.0,0.09621783345937729,0.999592517822748,460,0.24641871452331543,0.8166946660727262,0.001
416.23,1480.7257157099998,392,946176,462,2408,0.009725624695420265,1.0,0.07256963849067688,0.999098967120517,461,0.24605949223041534,2.2134618766605856,0.001
420.73,1496.1692242299996,392,948224,463,2415,0.009311438538134098,1.0,0.07876536250114441,0.9994385715108365,462,0.24548114836215973,1.2954241430386901,0.001
426.46,1517.1590345099999,392,950272,464,2423,0.009291409514844418,1.0,0.05719046667218208,0.99947354872711,463,0.24629537761211395,0.6901973236352206,0.001
432.76,1535.5816025100005,392,952320,465,2426,0.009800325147807598,1.0,0.08559277653694153,0.9993129788781516,464,0.24574987590312958,1.4891916789114474,0.001
437.91,1551.8225662900002,392,954368,466,2433,0.009623822756111622,1.0,0.07250154763460159,0.9986338233575225,465,0.24540357291698456,0.7633600970730186,0.001
442.26,1566.4863206399998,391,956416,467,2440,0.009536349214613438,1.0,0.06570664793252945,0.9992244089371525,466,0.24231450259685516,1.3764079209417104,0.001
445.67,1581.50114489,392,958464,468,2444,0.008813191205263138,1.0,0.04250800982117653,0.9944414836354554,467,0.2419947236776352,4.903272970765829,0.001
449.03,1594.0096434799998,391,960512,469,2452,0.009811134077608585,1.0,0.07986518740653992,0.9992455457686447,468,0.24213267862796783,1.8680499736219645,0.001
448.01,1595.37924253,391,962560,470,2456,0.009581219404935837,1.0,0.08025983721017838,0.9989216583780944,469,0.24272160232067108,1.3033464659005403,0.001
447.12,1595.9352692300004,391,964608,471,2462,0.009573315270245075,1.0,0.17297306656837463,0.9989764615893364,470,0.24230076372623444,1.9455986743792892,0.001
451.7,1608.3145840500001,391,966656,472,2466,0.009243682026863098,1.0,0.0638006329536438,0.9991641048109159,471,0.24178719520568848,2.2429092098027468,0.001
452.92,1610.66930742,391,968704,473,2473,0.009436250664293766,1.0,0.0706305205821991,0.9978131742682308,472,0.24029459059238434,0.7530539982020855,0.001
454.88,1619.47756672,391,970752,474,2481,0.00951447058469057,1.0,0.08150782436132431,0.9992942392709665,473,0.23866082727909088,0.8657069403678179,0.001
457.52,1629.6298666999996,391,972800,475,2485,0.009400649927556515,1.0,0.06278788298368454,0.9993781198863871,474,0.23709869384765625,0.8534652942791581,0.001
458.22,1632.6504998999999,391,974848,476,2490,0.0064303376711905,1.0,0.0526469424366951,0.9994989301776513,475,0.23704314231872559,1.127496457658708,0.001
461.23,1644.2580239000004,391,976896,477,2494,0.009515284560620785,1.0,0.0637948215007782,0.9995421607163735,476,0.23685181140899658,0.5978476391173899,0.001
464.58,1655.2562565,391,978944,478,2500,0.009778848849236965,1.0,0.07257545739412308,0.9996481749694794,477,0.23582422733306885,0.9181225595995783,0.001
463.67,1653.59850549,391,980992,479,2504,0.009553820826113224,1.0,0.08072593808174133,0.9992641787976027,478,0.23530878126621246,1.0643992392346262,0.001
466.41,1663.94198736,391,983040,480,2508,0.009675494395196438,1.0,0.086990125477314,0.9994380024727434,479,0.23450160026550293,1.893359622359276,0.001
466.09,1664.1683091599998,392,985088,481,2512,0.009811286814510822,1.0,0.05064663290977478,0.9988900484750047,480,0.23277397453784943,1.6896312091499568,0.001
466.31,1667.6399033100004,392,987136,482,2516,0.009738781489431858,1.0,0.09095839411020279,0.9992943567340262,481,0.2322930544614792,0.9786719778552652,0.001
467.63,1672.0608680499997,391,989184,483,2525,0.00991614069789648,1.0,0.37108832597732544,0.9990875134826638,482,0.23358333110809326,1.7437664665281774,0.001
471.72,1683.2879354600002,391,991232,484,2532,0.009255334734916687,1.0,0.06274893879890442,0.9983016680926085,483,0.2336106151342392,0.4239344668574631,0.001
473.55,1688.7473851999998,391,993280,485,2536,0.00915150810033083,1.0,0.06487669795751572,0.9984683622606099,484,0.2335219383239746,2.280570074915886,0.001
473.49,1688.5841457300003,391,995328,486,2541,0.009889681823551655,1.0,0.08379867672920227,0.9984516339609399,485,0.23367714881896973,0.7045383092015982,0.001
471.39,1680.0183594099997,391,997376,487,2548,0.00949509721249342,1.0,0.12995247542858124,0.9995017929468304,486,0.23371057212352753,0.5313872335478663,0.001
473.09,1686.7209349099999,391,999424,488,2552,0.009736781008541584,1.0,0.07961452007293701,0.9992415925953537,487,0.23414595425128937,0.8191100005060434,0.001
469.87,1679.1037849399997,391,1001472,489,2557,0.00897155050188303,1.0,0.08065095543861389,0.9991773568326607,488,0.23378722369670868,1.4126767614856361,0.001
